<?xml version="1.0" encoding="UTF-8"?>
<project-private xmlns="http://www.netbeans.org/ns/project-private/1">
    <editor-bookmarks xmlns="http://www.netbeans.org/ns/editor-bookmarks/2" lastBookmarkId="0"/>
    <open-files xmlns="http://www.netbeans.org/ns/projectui-open-files/2">
        <group>
            <file>file:/C:/xampp/htdocs/polyel/application/models/Admin_model.php</file>
            <file>file:/C:/xampp/htdocs/polyel/system/libraries/Upload.php</file>
            <file>file:/C:/xampp/htdocs/polyel/index.php</file>
            <file>file:/C:/xampp/htdocs/polyel/application/controllers/Pages.php</file>
            <file>file:/C:/xampp/htdocs/polyel/system/database/DB_query_builder.php</file>
        </group>
    </open-files>
</project-private>
