<?xml version="1.0" encoding="utf-8" ?>
<dwsync>
<file name="jquery.min.js" server="C:/xampp/htdocs/apms/" local="131212741500000000" remote="131212741500000000" Dst="2" />
<file name="modernizr.custom.js" server="C:/xampp/htdocs/apms/" local="131212741500000000" remote="131212741500000000" Dst="2" />
<file name="jquery.easing.1.3.js" server="C:/xampp/htdocs/apms/" local="131212741500000000" remote="131212741500000000" Dst="2" />
<file name="bootstrap.min.js" server="C:/xampp/htdocs/apms/" local="131212741500000000" remote="131212741500000000" Dst="2" />
<file name="jquery.appear.js" server="C:/xampp/htdocs/apms/" local="131212741500000000" remote="131212741500000000" Dst="2" />
<file name="stellar.js" server="C:/xampp/htdocs/apms/" local="131212741500000000" remote="131212741500000000" Dst="2" />
<file name="classie.js" server="C:/xampp/htdocs/apms/" local="131212741500000000" remote="131212741500000000" Dst="2" />
<file name="uisearch.js" server="C:/xampp/htdocs/apms/" local="131212741500000000" remote="131212741500000000" Dst="2" />
<file name="jquery.cubeportfolio.min.js" server="C:/xampp/htdocs/apms/" local="131212741500000000" remote="131212741500000000" Dst="2" />
<file name="animate.js" server="C:/xampp/htdocs/apms/" local="131212741500000000" remote="131212741500000000" Dst="2" />
<file name="custom.js" server="C:/xampp/htdocs/apms/" local="131212741500000000" remote="131212741500000000" Dst="2" />
</dwsync>